Player,Team,Kills,Body Shot Kills,Entry Kills,Deaths,Entry Deaths,Round Wins,Plants,Points,Rounds,PPR
Biboo,Wolves,0,0,0,0,0,0,0,0,0,0
P4,Wolves,0,0,0,0,0,0,0,0,0,0
Mowwwgli,Wolves,0,0,0,0,0,0,0,0,0,0
Shinka,Wolves,0,0,0,0,0,0,0,0,0,0
Deadshot,Wolves,0,0,0,0,0,0,0,0,0,0
Adrian,Secret,15,5,4,10,3,7,0,56,15,3.7333333333333334
Gruby,Secret,9,4,0,10,0,7,0,25,15,1.6666666666666667
Savage,Secret,6,1,1,11,2,7,0,8,15,0.5333333333333333
Jume,Secret,13,6,1,11,2,7,0,38,15,2.533333333333333
Miracle,Secret,8,2,1,11,1,7,0,19,15,1.2666666666666666
Leongids,Fnatic,9,2,1,9,0,5,0,28,12,2.3333333333333335
Tyrant,Fnatic,8,2,2,10,3,5,0,16,12,1.3333333333333333
Jigsaw,Fnatic,8,6,2,8,1,5,0,22,12,1.8333333333333333
Deapek,Fnatic,9,4,0,8,1,5,1,33,12,2.75
Jeggz,Fnatic,7,4,1,9,1,5,0,14,12,1.1666666666666667
Pasha,Virtus Pro,5,3,2,8,2,3,3,28,10,2.8
Joystick,Virtus Pro,8,4,0,8,2,3,0,14,10,1.4
Dan,Virtus Pro,9,6,3,7,0,3,0,30,10,3.0
Always,Virtus Pro,6,2,1,9,0,3,0,9,10,0.9
Sheppard,Virtus Pro,4,1,0,8,0,3,0,1,10,0.1
Azzr,ITB,11,5,2,7,0,7,0,47,12,3.9166666666666665
Creedz,ITB,13,5,2,8,1,7,0,52,12,4.333333333333333
Noa,ITB,12,3,3,9,0,7,0,50,12,4.166666666666667
Kendrew,ITB,5,1,2,8,0,7,2,34,12,2.8333333333333335
Oscr,ITB,6,5,0,8,2,7,0,11,12,0.9166666666666666
Shaiiko,BDS,14,7,6,12,1,8,0,53,15,3.533333333333333
Brid,BDS,5,3,0,8,1,8,1,20,15,1.3333333333333333
Likefac,BDS,10,6,0,12,3,8,0,18,15,1.2
Yuzus,BDS,15,8,1,8,0,8,0,61,15,4.066666666666666
Solotov,BDS,9,4,1,11,2,8,0,22,15,1.4666666666666666
Kanto,Wylde,6,2,2,9,2,7,0,15,12,1.25
Nelo,Wylde,12,8,0,7,1,7,1,51,12,4.25
Teb,Wylde,9,6,1,8,1,7,0,29,12,2.4166666666666665
Lollo,Wylde,10,5,1,7,1,7,0,38,12,3.1666666666666665
Pacbull,Wylde,7,4,2,10,1,7,1,25,12,2.0833333333333335
Skyz,Ence,10,6,2,5,1,7,1,53,10,5.3
Jaks,Ence,8,2,0,6,0,7,1,42,10,4.2
Nayqo,Ence,8,8,2,7,2,7,0,25,10,2.5
Frenchy,Ence,0,0,0,0,0,7,0,14,10,1.4
Raikoss,Ence,9,4,0,7,1,7,0,32,10,3.2
Alemao,G2,11,5,1,11,0,5,0,29,12,2.4166666666666665
Benja,G2,3,3,0,11,3,5,0,-17,12,-1.4166666666666667
Doki,G2,6,2,1,9,3,5,0,7,12,0.5833333333333334
Uuno,G2,7,2,0,9,2,5,1,20,12,1.6666666666666667
Virtue,G2,13,6,1,7,1,5,0,48,12,4.0
Azoxx,Ence,5,4,0,7,2,7,0,10,10,1.0
